pop1,pop2,pop3,pop4,pop5,ID,Group,Indiv
0.000005,0.210866,0.000005,0.000005,0.789119,100206,South Asian weedy rice,100206:D0E3LACXX:1:250058663
0.000005,0.281335,0.470884,0.000005,0.24777,100218,South Asian weedy rice,100218:D0E3LACXX:1:250058657
0.000005,0.000005,0.000005,0.99998,0.000005,100916,Wild rice,100916:D0E3LACXX:1:250058729
0.08255,0.917434,0.000005,0.000005,0.000005,101974,Wild rice,101974:C08JYACXX:7:241
0.000005,0.273618,0.544658,0.000005,0.181715,102157,South Asian weedy rice,102157:D0E3LACXX:1:250058664
0.000005,0.324905,0.571087,0.103998,0.000005,103423,Wild rice,103423:C08JYACXX:7:253
0.350463,0.112619,0.485165,0.000005,0.051748,103821,Wild rice,103821:D0E3LACXX:1:250058730
0.000005,0.013099,0.000005,0.000005,0.986886,103830,Wild rice,103830:C08JYACXX:7:265
0.000005,0.317733,0.274222,0.000005,0.408035,104406,South Asian weedy rice,104406:D0E3LACXX:1:250058658
0.000005,0.206585,0.520662,0.000005,0.272743,104455,South Asian weedy rice,104455:D0E3LACXX:1:250058672
0.000009,0.143139,0.856835,0.000009,0.000009,104496,South Asian weedy rice,104496:D0E3LACXX:1:250058673
0.065468,0.793714,0.000005,0.000005,0.140808,104501,Wild rice,104501:C08JYACXX:7:277
0.000005,0.000005,0.000005,0.99998,0.000005,104599,Wild rice,104599:C08JYACXX:7:194
0.206029,0.608396,0.185565,0.000005,0.000005,104624,Wild rice,104624:D0E3LACXX:1:250058728
0.000005,0.134777,0.710522,0.000005,0.154691,104764,Wild rice,104764:C08JYACXX:7:251
0.000005,0.582182,0.330841,0.000005,0.086967,104812,Wild rice,104812:C08JYACXX:7:263
0.000005,0.304988,0.351199,0.000005,0.343803,104875,Wild rice,104875:C08JYACXX:7:275
0.000005,0.99998,0.000005,0.000005,0.000005,105353,South Asian weedy rice,105353:D0E3LACXX:1:250058651
0.000005,0.339903,0.344806,0.000005,0.31528,105362,South Asian weedy rice,105362:D0E3LACXX:1:250058665
0.000005,0.000005,0.000005,0.999979,0.000005,105706,Wild rice,105706:C08JYACXX:7:206
0.000005,0.000005,0.000005,0.99998,0.000005,105709,Wild rice,105709:C08JYACXX:7:218
0.000005,0.791478,0.208505,0.000005,0.000005,105720,Wild rice,105720:C08JYACXX:7:287
0.000005,0.436974,0.3637,0.000005,0.199316,105728,South Asian weedy rice,105728:D0E3LACXX:1:250058659
0.000005,0.48299,0.516994,0.000005,0.000005,105798,South Asian weedy rice,105798:D0E3LACXX:1:250058666
0.000005,0.28278,0.403204,0.000005,0.314006,105851,Wild rice,105851:D0E3LACXX:1:250058667
0.000005,0.714138,0.285847,0.000005,0.000005,105855,Wild rice,105855:C08JYACXX:7:204
0.081183,0.918795,0.000007,0.000007,0.000007,105888,Wild rice,105888:C08JYACXX:7:230
0.000006,0.999977,0.000006,0.000006,0.000006,105898,Wild rice,105898:C08JYACXX:7:242
0.000005,0.958008,0.041976,0.000005,0.000005,105942,Wild rice,105942:C08JYACXX:7:216
0.000005,0.287674,0.625424,0.000005,0.086892,106086,Wild rice,106086:D0E3LACXX:1:250058636
0.000005,0.045609,0.462318,0.000005,0.492064,106097,South Asian weedy rice,106097:D0E3LACXX:1:250058668
0.066961,0.881554,0.000005,0.000005,0.051475,106103,Wild rice,106103:D0E3LACXX:1:250058637
0.000005,0.672849,0.327137,0.000005,0.000005,106122,Wild rice,106122:D0E3LACXX:1:250058638
0.018196,0.981788,0.000005,0.000005,0.000005,106126,Wild rice,106126:D0E3LACXX:1:250058639
0.092113,0.880935,0.000005,0.000005,0.026942,106134,Wild rice,106134:D0E3LACXX:1:250058640
0.137848,0.859901,0.000005,0.000005,0.00224,106166,Wild rice,106166:C08JYACXX:7:228
0.229196,0.512317,0.14152,0.116961,0.000005,106168,Wild rice,106168:C08JYACXX:7:240
0.036389,0.747542,0.216058,0.000006,0.000006,106169,Wild rice,106169:C08JYACXX:7:252
0.000005,0.387054,0.345632,0.000005,0.267305,106316,South Asian weedy rice,106316:D0E3LACXX:1:250058660
0.000005,0.431835,0.56815,0.000005,0.000005,106321,Wild rice,106321:C08JYACXX:7:264
0.000005,0.748354,0.251631,0.000005,0.000005,106332,South Asian weedy rice,106332:D0E3LACXX:1:250058652
0.000005,0.708652,0.291333,0.000005,0.000005,106338,South Asian weedy rice,106338:D0E3LACXX:1:250058653
0.000005,0.000005,0.000005,0.000005,0.999981,106431,South Asian weedy rice,106431:D0E3LACXX:1:250058669
0.000005,0.99998,0.000005,0.000005,0.000005,106453,Wild rice,106453:C08JYACXX:7:276
0.000005,0.552252,0.447733,0.000005,0.000005,106518,Wild rice,106518:C08JYACXX:7:288
0.000005,0.058174,0.941812,0.000005,0.000005,109634,indica,109634:D0E3LACXX:1:250058720
0.999981,0.000005,0.000005,0.000005,0.000005,1107,japonica,1107:D0E3LACXX:1:250058731
0.066633,0.000005,0.933353,0.000005,0.000005,112801,NE Asian weedy rice,112801:C1B2JACXX:6:250121592
0.99998,0.000005,0.000005,0.000005,0.000005,112821,NE Asian weedy rice,112821:D1FW5ACXX:3:250121593
0.999979,0.000005,0.000005,0.000005,0.000005,112832,NE Asian weedy rice,112832:C1B2JACXX:6:250121594
0.99998,0.000005,0.000005,0.000005,0.000005,113866,NE Asian weedy rice,113866:C1B2JACXX:6:250121595
0.394257,0.017017,0.588715,0.000005,0.000005,115190,japonica,115190:D0E3LACXX:1:250058721
0.023896,0.000005,0.97609,0.000005,0.000005,115298,NE Asian weedy rice,115298:C1B2JACXX:6:250121596
0.99998,0.000005,0.000005,0.000005,0.000005,115306,NE Asian weedy rice,115306:C1B2JACXX:6:250121584
0.999981,0.000005,0.000005,0.000005,0.000005,115580,NE Asian weedy rice,115580:C1B2JACXX:6:250121599
0.99998,0.000005,0.000005,0.000005,0.000005,117123,NE Asian weedy rice,117123:D1FW5ACXX:3:250121600
0.999979,0.000005,0.000005,0.000005,0.000005,117124,NE Asian weedy rice,117124:C1B2JACXX:6:250121597
0.974647,0.025338,0.000005,0.000005,0.000005,16428,japonica,16428:D0E3LACXX:1:250058723
0.999981,0.000005,0.000005,0.000005,0.000005,16657,japonica,16657:D0E3LACXX:1:250058674
0.000005,0.000005,0.748836,0.000005,0.25115,1_10,Colombian weedy rice,1_10:C81ECANXX:6:250541068
0.005309,0.000005,0.657809,0.000005,0.336873,1_11,Colombian weedy rice,1_11:C81ECANXX:6:250541076
0.165229,0.000005,0.834757,0.000005,0.000005,1_12,Colombian weedy rice,1_12:C81ECANXX:6:250541084
0.074448,0.000005,0.887016,0.000005,0.038526,1_13,Colombian weedy rice,1_13:C81ECANXX:6:250540997
0.000005,0.000005,0.987533,0.000005,0.012453,1_15,Colombian weedy rice,1_15:C81ECANXX:6:250541005
0.054309,0.000005,0.885945,0.000005,0.059736,1_16,Colombian weedy rice,1_16:C81ECANXX:7:250541123
0.018035,0.000005,0.90185,0.000005,0.080105,1_18,Colombian weedy rice,1_18:C81ECANXX:7:250541131
0.000005,0.000005,0.751921,0.000005,0.248064,1_19,Colombian weedy rice,1_19:C81ECANXX:7:250541139
0.130528,0.000005,0.575273,0.000005,0.29419,1_1,Colombian weedy rice,1_1:C81ECANXX:6:250540996
0.206415,0.000005,0.687818,0.000005,0.105757,1_20,Colombian weedy rice,1_20:C81ECANXX:7:250541147
0.000005,0.000005,0.999981,0.000005,0.000005,1_21,Colombian weedy rice,1_21:C81ECANXX:7:250541155
0.081242,0.000005,0.918744,0.000005,0.000005,1_22,Colombian weedy rice,1_22:C81ECANXX:7:250541163
0.000005,0.000005,0.790894,0.000005,0.209092,1_23,Colombian weedy rice,1_23:C81ECANXX:7:250541171
0.000005,0.000005,0.99998,0.000005,0.000005,1_24,Colombian weedy rice,1_24:C81ECANXX:7:250541179
0.113673,0.000005,0.712863,0.000005,0.173454,1_25,Colombian weedy rice,1_25:C81ECANXX:7:250541187
0.037134,0.000005,0.871252,0.000005,0.091604,1_26,Colombian weedy rice,1_26:C81ECANXX:7:250541195
0.122509,0.000005,0.63905,0.000005,0.238431,1_27,Colombian weedy rice,1_27:C81ECANXX:7:250541203
0.000005,0.000005,0.564963,0.000005,0.435023,1_28,Colombian weedy rice,1_28:C81ECANXX:7:250541211
0.162455,0.000005,0.735975,0.000005,0.101561,1_29,Colombian weedy rice,1_29:C81ECANXX:7:250541124
0.000005,0.000005,0.605332,0.000005,0.394653,1_2,Colombian weedy rice,1_2:C81ECANXX:6:250541004
0.000005,0.000005,0.499187,0.000005,0.500799,1_3,Colombian weedy rice,1_3:C81ECANXX:6:250541012
0.028446,0.000005,0.65118,0.000005,0.320364,1_4,Colombian weedy rice,1_4:C81ECANXX:6:250541020
0.000005,0.000005,0.878854,0.000005,0.121132,1_5,Colombian weedy rice,1_5:C81ECANXX:6:250541028
0.111677,0.000005,0.822668,0.000005,0.065646,1_6,Colombian weedy rice,1_6:C81ECANXX:6:250541036
0.000005,0.000005,0.684998,0.000005,0.314988,1_8,Colombian weedy rice,1_8:C81ECANXX:6:250541044
0.000005,0.000005,0.718609,0.000005,0.281377,1_9,Colombian weedy rice,1_9:C81ECANXX:6:250541060
0.936119,0.000005,0.063867,0.000005,0.000005,27016,japonica,27016:D0E3LACXX:1:250058675
0.045177,0.000005,0.650278,0.000005,0.304536,2_10,Colombian weedy rice,2_10:C81ECANXX:7:250541204
0.047089,0.000005,0.952897,0.000005,0.000005,2_11,Colombian weedy rice,2_11:C81ECANXX:7:250541212
0.000005,0.000005,0.968925,0.000005,0.03106,2_12,Colombian weedy rice,2_12:C81ECANXX:6:250541013
0.000005,0.000005,0.999981,0.000005,0.000005,2_13,Colombian weedy rice,2_13:C81ECANXX:6:250541021
0.000005,0.000005,0.958848,0.000005,0.041137,2_14,Colombian weedy rice,2_14:C81ECANXX:6:250541029
0.000005,0.000005,0.000005,0.000005,0.999981,2_15,Colombian weedy rice,2_15:C81ECANXX:6:250541037
0.000005,0.000005,0.999981,0.000005,0.000005,2_16,Colombian weedy rice,2_16:C81ECANXX:6:250541045
0.000005,0.000005,0.924144,0.000005,0.075841,2_17,Colombian weedy rice,2_17:C81ECANXX:6:250541053
0.000005,0.000005,0.905982,0.000005,0.094004,2_18,Colombian weedy rice,2_18:C81ECANXX:6:250541061
0.000005,0.000005,0.959603,0.000005,0.040383,2_19,Colombian weedy rice,2_19:C81ECANXX:6:250541069
0.039304,0.000005,0.787003,0.000005,0.173684,2_1,Colombian weedy rice,2_1:C81ECANXX:7:250541132
0.000005,0.000005,0.972999,0.000005,0.026986,2_20,Colombian weedy rice,2_20:C81ECANXX:6:250541077
0.000005,0.000005,0.906289,0.000005,0.093697,2_21,Colombian weedy rice,2_21:C81ECANXX:6:250541085
0.000005,0.000005,0.999981,0.000005,0.000005,2_22,Colombian weedy rice,2_22:C81ECANXX:6:250540998
0.000005,0.000005,0.999981,0.000005,0.000005,2_23,Colombian weedy rice,2_23:C81ECANXX:6:250541006
0.000005,0.000005,0.972019,0.000005,0.027967,2_24,Colombian weedy rice,2_24:C81ECANXX:6:250541014
0.000005,0.000005,0.767115,0.000005,0.232871,2_25,Colombian weedy rice,2_25:C81ECANXX:6:250541022
0.000005,0.000005,0.743843,0.000005,0.256142,2_26,Colombian weedy rice,2_26:C81ECANXX:6:250541030
0.103739,0.000005,0.896246,0.000005,0.000005,2_27,Colombian weedy rice,2_27:C81ECANXX:6:250541038
0.04917,0.000005,0.950815,0.000005,0.000005,2_28,Colombian weedy rice,2_28:C81ECANXX:6:250541046
0.006803,0.000005,0.838492,0.000005,0.154696,2_29,Colombian weedy rice,2_29:C81ECANXX:6:250541054
0.000005,0.000005,0.492658,0.000005,0.507328,2_2,Colombian weedy rice,2_2:C81ECANXX:7:250541140
0.000005,0.000005,0.999981,0.000005,0.000005,2_30,Colombian weedy rice,2_30:C81ECANXX:6:250541062
0.000005,0.000005,0.909692,0.000005,0.090294,2_31,Colombian weedy rice,2_31:C81ECANXX:6:250541070
0.000005,0.000005,0.934123,0.000005,0.065863,2_32,Colombian weedy rice,2_32:C81ECANXX:6:250541078
0.026889,0.000005,0.973096,0.000005,0.000005,2_33,Colombian weedy rice,2_33:C81ECANXX:6:250541086
0.150157,0.000005,0.849828,0.000005,0.000005,2_34,Colombian weedy rice,2_34:C81ECANXX:6:250540999
0.000005,0.000005,0.109283,0.000005,0.890702,2_3,Colombian weedy rice,2_3:C81ECANXX:7:250541148
0.000005,0.000005,0.795845,0.000005,0.204141,2_4,Colombian weedy rice,2_4:C81ECANXX:7:250541156
0.000005,0.000005,0.374905,0.000005,0.625081,2_5,Colombian weedy rice,2_5:C81ECANXX:7:250541164
0.063794,0.000005,0.6457,0.000005,0.290496,2_6,Colombian weedy rice,2_6:C81ECANXX:7:250541172
0.000005,0.000005,0.889882,0.000005,0.110103,2_7,Colombian weedy rice,2_7:C81ECANXX:7:250541180
0.02987,0.000005,0.844125,0.000005,0.125996,2_8,Colombian weedy rice,2_8:C81ECANXX:7:250541188
0.064406,0.000005,0.677053,0.000005,0.258531,2_9,Colombian weedy rice,2_9:C81ECANXX:7:250541196
0.000005,0.000005,0.103219,0.000005,0.896767,3_10,Colombian weedy rice,3_10:C81ECANXX:7:250541197
0.000005,0.000005,0.887118,0.000005,0.112868,3_11,Colombian weedy rice,3_11:C81ECANXX:7:250541205
0.000005,0.000005,0.968555,0.000005,0.03143,3_13,Colombian weedy rice,3_13:C81ECANXX:7:250541213
0.000005,0.000005,0.913652,0.000005,0.086334,3_14,Colombian weedy rice,3_14:C81ECANXX:7:250541126
0.000005,0.000005,0.919546,0.000005,0.080439,3_15,Colombian weedy rice,3_15:C81ECANXX:7:250541134
0.000005,0.000005,0.785028,0.000005,0.214958,3_16,Colombian weedy rice,3_16:C81ECANXX:7:250541142
0.000005,0.000005,0.754368,0.000005,0.245617,3_17,Colombian weedy rice,3_17:C81ECANXX:7:250541150
0.026682,0.000005,0.862958,0.000005,0.11035,3_18,Colombian weedy rice,3_18:C81ECANXX:7:250541158
0.000005,0.000005,0.914603,0.000005,0.085383,3_19,Colombian weedy rice,3_19:C81ECANXX:7:250541166
0.000005,0.000005,0.551701,0.000005,0.448284,3_1,Colombian weedy rice,3_1:C81ECANXX:7:250541125
0.000005,0.000005,0.93431,0.000005,0.065676,3_20,Colombian weedy rice,3_20:C81ECANXX:7:250541174
0.06139,0.000005,0.938596,0.000005,0.000005,3_21,Colombian weedy rice,3_21:C81ECANXX:7:250541182
0.000005,0.000005,0.884613,0.000005,0.115373,3_22,Colombian weedy rice,3_22:C81ECANXX:7:250541190
0.000005,0.000005,0.703803,0.000005,0.296183,3_23,Colombian weedy rice,3_23:C81ECANXX:7:250541198
0.000005,0.000005,0.702481,0.000005,0.297505,3_24,Colombian weedy rice,3_24:C81ECANXX:7:250541206
0.000005,0.000005,0.984225,0.000005,0.01576,3_25,Colombian weedy rice,3_25:C81ECANXX:7:250541214
0.000005,0.000005,0.720473,0.000005,0.279512,3_26,Colombian weedy rice,3_26:C81ECANXX:7:250541127
0.000005,0.000005,0.677468,0.000005,0.322518,3_27,Colombian weedy rice,3_27:C81ECANXX:7:250541135
0.000005,0.000005,0.999981,0.000005,0.000005,3_29,Colombian weedy rice,3_29:C81ECANXX:7:250541143
0.000005,0.000005,0.099942,0.000005,0.900044,3_2,Colombian weedy rice,3_2:C81ECANXX:7:250541133
0.062161,0.000005,0.937825,0.000005,0.000005,3_30,Colombian weedy rice,3_30:C81ECANXX:7:250541151
0.000005,0.000005,0.779561,0.000005,0.220424,3_3,Colombian weedy rice,3_3:C81ECANXX:7:250541141
0.000005,0.000005,0.27819,0.000005,0.721795,3_4,Colombian weedy rice,3_4:C81ECANXX:7:250541149
0.000005,0.000005,0.89041,0.000005,0.109576,3_5,Colombian weedy rice,3_5:C81ECANXX:7:250541157
0.000005,0.000005,0.657829,0.000005,0.342157,3_6,Colombian weedy rice,3_6:C81ECANXX:7:250541165
0.000005,0.000005,0.497981,0.000005,0.502005,3_7,Colombian weedy rice,3_7:C81ECANXX:7:250541173
0.012435,0.000005,0.85915,0.000005,0.128405,3_8,Colombian weedy rice,3_8:C81ECANXX:7:250541181
0.000005,0.000005,0.882499,0.000005,0.117487,3_9,Colombian weedy rice,3_9:C81ECANXX:7:250541189
0.954478,0.045506,0.000005,0.000005,0.000005,40748,japonica,40748:D0E3LACXX:1:250058724
0.000005,0.000005,0.549038,0.000005,0.450947,4_10,Colombian weedy rice,4_10:C81ECANXX:6:250541071
0.000005,0.000005,0.687978,0.000005,0.312008,4_11,Colombian weedy rice,4_11:C81ECANXX:6:250541079
0.115452,0.000005,0.236974,0.000005,0.647564,4_12,Colombian weedy rice,4_12:C81ECANXX:6:250541087
0.000005,0.000005,0.999981,0.000005,0.000005,4_13,Colombian weedy rice,4_13:C81ECANXX:6:250541000
0.000005,0.000005,0.91069,0.000005,0.089295,4_14,Colombian weedy rice,4_14:C81ECANXX:6:250541008
0.000005,0.000005,0.99998,0.000005,0.000005,4_15,Colombian weedy rice,4_15:C81ECANXX:6:250541016
0.000005,0.000005,0.697321,0.000005,0.302665,4_16,Colombian weedy rice,4_16:C81ECANXX:6:250541024
0.000005,0.000005,0.940012,0.000005,0.059973,4_17,Colombian weedy rice,4_17:C81ECANXX:6:250541032
0.041484,0.000005,0.876997,0.000005,0.081509,4_18,Colombian weedy rice,4_18:C81ECANXX:6:250541040
0.000005,0.000005,0.347734,0.000005,0.652251,4_19,Colombian weedy rice,4_19:C81ECANXX:6:250541048
0.000005,0.000005,0.626098,0.000005,0.373888,4_20,Colombian weedy rice,4_20:C81ECANXX:6:250541056
0.000005,0.000005,0.88906,0.000005,0.110925,4_21,Colombian weedy rice,4_21:C81ECANXX:6:250541064
0.000005,0.000005,0.999981,0.000005,0.000005,4_23,Colombian weedy rice,4_23:C81ECANXX:6:250541072
0.003976,0.000005,0.969946,0.000005,0.026068,4_24,Colombian weedy rice,4_24:C81ECANXX:6:250541080
0.000005,0.000005,0.917173,0.000005,0.082813,4_25,Colombian weedy rice,4_25:C81ECANXX:6:250541088
0.000005,0.000005,0.974366,0.000005,0.02562,4_26,Colombian weedy rice,4_26:C81ECANXX:6:250541001
0.000005,0.000005,0.703437,0.000005,0.296549,4_27,Colombian weedy rice,4_27:C81ECANXX:6:250541009
0.000005,0.000005,0.950074,0.000005,0.049911,4_28,Colombian weedy rice,4_28:C81ECANXX:6:250541017
0.000005,0.000005,0.556386,0.000005,0.4436,4_2,Colombian weedy rice,4_2:C81ECANXX:6:250541007
0.000005,0.000005,0.18373,0.000005,0.816256,4_3,Colombian weedy rice,4_3:C81ECANXX:6:250541015
0.000005,0.000005,0.796264,0.000005,0.203721,4_4,Colombian weedy rice,4_4:C81ECANXX:6:250541023
0.000005,0.000005,0.770491,0.000005,0.229495,4_5,Colombian weedy rice,4_5:C81ECANXX:6:250541031
0.000005,0.000005,0.747361,0.000005,0.252624,4_6,Colombian weedy rice,4_6:C81ECANXX:6:250541039
0.000005,0.000005,0.292557,0.000005,0.707429,4_7,Colombian weedy rice,4_7:C81ECANXX:6:250541047
0.000005,0.000005,0.999981,0.000005,0.000005,4_8,Colombian weedy rice,4_8:C81ECANXX:6:250541055
0.000005,0.000005,0.874034,0.000005,0.125951,4_9,Colombian weedy rice,4_9:C81ECANXX:6:250541063
0.000005,0.000005,0.000005,0.000005,0.999981,52696,aus,52696:D0E3LACXX:1:250058676
0.999981,0.000005,0.000005,0.000005,0.000005,54287,japonica,54287:D0E3LACXX:1:250058677
0.000005,0.017917,0.982068,0.000005,0.000005,5803,indica,5803:D0E3LACXX:1:250058722
0.000005,0.000005,0.999981,0.000005,0.000005,5_11,Colombian weedy rice,5_11:C81ECANXX:7:250541144
0.058625,0.000005,0.94136,0.000005,0.000005,5_12,Colombian weedy rice,5_12:C81ECANXX:7:250541152
0.000005,0.000005,0.951674,0.000005,0.048312,5_13,Colombian weedy rice,5_13:C81ECANXX:7:250541160
0.080265,0.000005,0.850776,0.000005,0.068949,5_14,Colombian weedy rice,5_14:C81ECANXX:7:250541168
0.000005,0.000005,0.610961,0.000005,0.389024,5_15,Colombian weedy rice,5_15:C81ECANXX:7:250541176
0.000005,0.000005,0.957607,0.000005,0.042379,5_16,Colombian weedy rice,5_16:C81ECANXX:7:250541184
0.000005,0.000005,0.746886,0.000005,0.2531,5_17,Colombian weedy rice,5_17:C81ECANXX:6:250541025
0.000005,0.000005,0.876239,0.000005,0.123746,5_18,Colombian weedy rice,5_18:C81ECANXX:6:250541033
0.000005,0.000005,0.986365,0.000005,0.013621,5_19,Colombian weedy rice,5_19:C81ECANXX:6:250541041
0.000005,0.000005,0.729003,0.000005,0.270982,5_1,Colombian weedy rice,5_1:C81ECANXX:7:250541159
0.000005,0.000005,0.920798,0.000005,0.079187,5_20,Colombian weedy rice,5_20:C81ECANXX:6:250541049
0.000005,0.000005,0.894116,0.000005,0.10587,5_21,Colombian weedy rice,5_21:C81ECANXX:6:250541057
0.000005,0.000005,0.949669,0.000005,0.050316,5_23,Colombian weedy rice,5_23:C81ECANXX:6:250541065
0.019104,0.000005,0.85092,0.000005,0.129966,5_24,Colombian weedy rice,5_24:C81ECANXX:6:250541073
0.000005,0.000005,0.823061,0.000005,0.176925,5_25,Colombian weedy rice,5_25:C81ECANXX:6:250541081
0.000005,0.000005,0.882213,0.000005,0.117773,5_26,Colombian weedy rice,5_26:C81ECANXX:6:250541089
0.000005,0.000005,0.821664,0.000005,0.178322,5_27,Colombian weedy rice,5_27:C81ECANXX:6:250541002
0.000005,0.000005,0.872187,0.000005,0.127799,5_28,Colombian weedy rice,5_28:C81ECANXX:6:250541010
0.000005,0.000005,0.722361,0.000005,0.277625,5_2,Colombian weedy rice,5_2:C81ECANXX:7:250541167
0.000005,0.000005,0.730298,0.000005,0.269688,5_3,Colombian weedy rice,5_3:C81ECANXX:7:250541175
0.000005,0.000005,0.778948,0.000005,0.221037,5_4,Colombian weedy rice,5_4:C81ECANXX:7:250541183
0.000005,0.000005,0.869628,0.000005,0.130358,5_5,Colombian weedy rice,5_5:C81ECANXX:7:250541191
0.000005,0.000005,0.902733,0.000005,0.097252,5_6,Colombian weedy rice,5_6:C81ECANXX:7:250541207
0.022757,0.000005,0.905114,0.000005,0.07212,5_7,Colombian weedy rice,5_7:C81ECANXX:7:250541215
0.000005,0.000005,0.687477,0.000005,0.312509,5_8,Colombian weedy rice,5_8:C81ECANXX:7:250541128
0.000005,0.000005,0.739614,0.000005,0.260371,5_9,Colombian weedy rice,5_9:C81ECANXX:7:250541136
0.026136,0.011376,0.962471,0.000008,0.000008,62151,indica,62151:D0E3LACXX:1:250058678
0.000005,0.003353,0.996632,0.000005,0.000005,64519,indica,64519:D0E3LACXX:1:250058679
0.498417,0.000005,0.501568,0.000005,0.000005,64598,admixed cultivar,64598:D0E3LACXX:1:250058680
0.000008,0.000008,0.999969,0.000008,0.000008,66069,indica,66069:D0E3LACXX:1:250058681
0.000007,0.024609,0.975371,0.000007,0.000007,66158,indica,66158:D0E3LACXX:1:250058682
0.014047,0.026117,0.959826,0.000005,0.000005,71333,indica,71333:D0E3LACXX:1:250058683
0.000005,0.036144,0.963841,0.000005,0.000005,71389,indica,71389:D0E3LACXX:1:250058684
0.999981,0.000005,0.000005,0.000005,0.000005,71481,japonica,71481:D0E3LACXX:1:250058685
0.99998,0.000005,0.000005,0.000005,0.000005,71482,japonica,71482:D0E3LACXX:1:250058686
0.000005,0.000005,0.99998,0.000005,0.000005,71483,indica,71483:D0E3LACXX:1:250058687
0.000006,0.000006,0.999976,0.000006,0.000006,71498,indica,71498:D0E3LACXX:1:250058688
0.999979,0.000005,0.000005,0.000005,0.000005,71500,japonica,71500:D0E3LACXX:1:250058689
0.99998,0.000005,0.000005,0.000005,0.000005,71521,japonica,71521:D0E3LACXX:1:250058690
0.000005,0.024434,0.975551,0.000005,0.000005,71547,indica,71547:D0E3LACXX:1:250058691
0.99998,0.000005,0.000005,0.000005,0.000005,71550,japonica,71550:D0E3LACXX:1:250058692
0.99998,0.000005,0.000005,0.000005,0.000005,71563,japonica,71563:D0E3LACXX:1:250058693
0.231955,0.013406,0.754629,0.000005,0.000005,71564,indica,71564:D0E3LACXX:1:250058694
0.99998,0.000005,0.000005,0.000005,0.000005,71586,japonica,71586:D0E3LACXX:1:250058695
0.999979,0.000005,0.000005,0.000005,0.000005,71615,japonica,71615:D0E3LACXX:1:250058696
0.999981,0.000005,0.000005,0.000005,0.000005,71634,japonica,71634:D0E3LACXX:1:250058697
0.000005,0.000005,0.988325,0.000005,0.011661,71653,indica,71653:D0E3LACXX:1:250058698
0.030189,0.000005,0.969796,0.000005,0.000005,71655,indica,71655:D0E3LACXX:1:250058699
0.023362,0.000005,0.976623,0.000005,0.000005,73222,indica,73222:D0E3LACXX:1:250058700
0.999981,0.000005,0.000005,0.000005,0.000005,77579,japonica,77579:D0E3LACXX:1:250058701
0.999981,0.000005,0.000005,0.000005,0.000005,78592,japonica,78592:D0E3LACXX:1:250058702
0.99998,0.000005,0.000005,0.000005,0.000005,78594,japonica,78594:D0E3LACXX:1:250058703
0.99998,0.000005,0.000005,0.000005,0.000005,78597,japonica,78597:D0E3LACXX:1:250058704
0.999981,0.000005,0.000005,0.000005,0.000005,78599,japonica,78599:D0E3LACXX:1:250058705
0.000007,0.033322,0.966657,0.000007,0.000007,79154,indica,79154:D0E3LACXX:1:250058706
0.99998,0.000005,0.000005,0.000005,0.000005,79552,japonica,79552:D0E3LACXX:1:250058707
0.99998,0.000005,0.000005,0.000005,0.000005,79803,japonica,79803:D0E3LACXX:1:250058708
0.99998,0.000005,0.000005,0.000005,0.000005,79805,japonica,79805:D0E3LACXX:1:250058709
0.999981,0.000005,0.000005,0.000005,0.000005,79817,japonica,79817:D0E3LACXX:1:250058710
0.999975,0.000006,0.000006,0.000006,0.000006,79820,japonica,79820:D0E3LACXX:1:250058711
0.99998,0.000005,0.000005,0.000005,0.000005,79821,japonica,79821:D0E3LACXX:1:250058712
0.999979,0.000005,0.000005,0.000005,0.000005,79829,japonica,79829:D0E3LACXX:1:250058713
0.000005,0.150517,0.08742,0.001796,0.760262,80470,Wild rice,80470:C08JYACXX:7:193
0.000006,0.239138,0.287163,0.000006,0.473688,80724,Wild rice,80724:C08JYACXX:7:205
0.000005,0.999978,0.000005,0.000005,0.000005,81990,Wild rice,81990:C08JYACXX:7:229
0.000005,0.189676,0.594866,0.000005,0.215448,82037,South Asian weedy rice,82037:D0E3LACXX:1:250058655
0.999981,0.000005,0.000005,0.000005,0.000005,82687,japonica,82687:D0E3LACXX:1:250058714
0.99998,0.000005,0.000005,0.000005,0.000005,82691,japonica,82691:D0E3LACXX:1:250058715
0.999979,0.000005,0.000005,0.000005,0.000005,83850,japonica,83850:D0E3LACXX:1:250058716
0.000005,0.077554,0.901691,0.000005,0.020745,86449,South Asian weedy rice,86449:D0E3LACXX:1:250058661
0.000005,0.000005,0.000005,0.000005,0.999981,86478,South Asian weedy rice,86478:D0E3LACXX:1:250058662
0.000005,0.3051,0.380286,0.000005,0.314604,86494,Wild rice,86494:C08JYACXX:7:227
0.113228,0.687719,0.125351,0.000005,0.073698,87883,Wild rice,87883:C08JYACXX:7:217
0.006692,0.035627,0.957671,0.000005,0.000005,88001,indica,88001:D0E3LACXX:1:250058717
0.000006,0.311215,0.441068,0.000006,0.247706,88834,Wild rice,88834:C08JYACXX:7:239
0.000005,0.366127,0.345855,0.000005,0.288007,89191,South Asian weedy rice,89191:D0E3LACXX:1:250058656
0.000005,0.213964,0.672254,0.000005,0.113773,89235,South Asian weedy rice,89235:D0E3LACXX:1:250058670
0.000005,0.377641,0.368692,0.000005,0.253657,89240,South Asian weedy rice,89240:D0E3LACXX:1:250058671
0.000005,0.000005,0.999981,0.000005,0.000005,90675,indica,90675:D0E3LACXX:1:250058718
0.000006,0.000006,0.990352,0.003888,0.005748,90705,indica,90705:D0E3LACXX:1:250058719
0.99998,0.000005,0.000005,0.000005,0.000005,90734,NE Asian weedy rice,90734:C1B2JACXX:6:250121585
0.089432,0.000005,0.910554,0.000005,0.000005,90740,NE Asian weedy rice,90740:C1B2JACXX:6:250121583
0.99998,0.000005,0.000005,0.000005,0.000005,90752,NE Asian weedy rice,90752:C1B2JACXX:6:250121586
0.99998,0.000005,0.000005,0.000005,0.000005,90754,NE Asian weedy rice,90754:C1B2JACXX:6:250121587
0.99998,0.000005,0.000005,0.000005,0.000005,90785,NE Asian weedy rice,90785:C1B2JACXX:6:250121598
0.065148,0.000005,0.934837,0.000005,0.000005,90818,NE Asian weedy rice,90818:C1B2JACXX:6:250121588
0.999979,0.000005,0.000005,0.000005,0.000005,90819,NE Asian weedy rice,90819:C1B2JACXX:6:250121589
0.99998,0.000005,0.000005,0.000005,0.000005,90822,NE Asian weedy rice,90822:C1B2JACXX:6:250121590
0.052398,0.000005,0.947586,0.000005,0.000005,90835,NE Asian weedy rice,90835:C1B2JACXX:6:250121591
0.000005,0.446963,0.553023,0.000005,0.000005,99599,South Asian weedy rice,99599:D0E3LACXX:1:250058649
0.000005,0.000005,0.000005,0.99998,0.000005,99601,South Asian weedy rice,99601:D0E3LACXX:1:250058650
0.000007,0.000007,0.999971,0.000007,0.000007,BG17,SE Asian weedy rice,BG17:D1FW5ACXX:3:250121622
0.000007,0.000007,0.999972,0.000007,0.000007,BG20,SE Asian weedy rice,BG20:D1FW5ACXX:3:250121617
0.000006,0.000006,0.999976,0.000006,0.000006,BG22,SE Asian weedy rice,BG22:C1B2JACXX:6:250121618
0.999981,0.000005,0.000005,0.000005,0.000005,C101,Colombian landraces,C101:C81ECANXX:7:250541192
0.166439,0.000005,0.833546,0.000005,0.000005,C105,Colombian landraces,C105:C81ECANXX:7:250541200
0.999981,0.000005,0.000005,0.000005,0.000005,C106,Colombian landraces,C106:C81ECANXX:7:250541208
0.999981,0.000005,0.000005,0.000005,0.000005,C108,Colombian landraces,C108:C81ECANXX:7:250541216
0.999981,0.000005,0.000005,0.000005,0.000005,C109,Colombian landraces,C109:C81ECANXX:7:250541129
0.249608,0.000005,0.750378,0.000005,0.000005,C110,Colombian landraces,C110:C81ECANXX:7:250541137
0.256091,0.000005,0.743895,0.000005,0.000005,C111,Colombian landraces,C111:C81ECANXX:7:250541145
0.999981,0.000005,0.000005,0.000005,0.000005,C112,Colombian landraces,C112:C81ECANXX:7:250541153
0.999981,0.000005,0.000005,0.000005,0.000005,C117,Colombian landraces,C117:C81ECANXX:7:250541161
0.215874,0.000005,0.784112,0.000005,0.000005,C118,Colombian landraces,C118:C81ECANXX:7:250541169
0.999981,0.000005,0.000005,0.000005,0.000005,C120,Colombian landraces,C120:C81ECANXX:7:250541177
0.999981,0.000005,0.000005,0.000005,0.000005,C122,Colombian landraces,C122:C81ECANXX:7:250541185
0.999981,0.000005,0.000005,0.000005,0.000005,C123,Colombian landraces,C123:C81ECANXX:7:250541193
0.971561,0.000005,0.028425,0.000005,0.000005,C124,Colombian landraces,C124:C81ECANXX:7:250541201
0.995792,0.000005,0.004193,0.000005,0.000005,C32,Colombian landraces,C32:C81ECANXX:7:250541209
0.999981,0.000005,0.000005,0.000005,0.000005,C36,Colombian landraces,C36:C81ECANXX:7:250541217
0.999981,0.000005,0.000005,0.000005,0.000005,C44,Colombian landraces,C44:C81ECANXX:7:250541130
0.999981,0.000005,0.000005,0.000005,0.000005,C52,Colombian landraces,C52:C81ECANXX:7:250541138
0.550544,0.000005,0.449442,0.000005,0.000005,C59,Colombian landraces,C59:C81ECANXX:7:250541146
0.000005,0.000005,0.999981,0.000005,0.000005,C6,Colombian commercial rice,C6:C81ECANXX:7:250541154
0.000005,0.000005,0.999981,0.000005,0.000005,C8,Colombian commercial rice,C8:C81ECANXX:7:250541162
0.000005,0.000005,0.999981,0.000005,0.000005,C9,Colombian commercial rice,C9:C81ECANXX:7:250541170
0.000005,0.000005,0.999981,0.000005,0.000005,F0,Colombian commercial rice,F0:C81ECANXX:7:250541178
0.000005,0.000005,0.999981,0.000005,0.000005,F3,Colombian commercial rice,F3:C81ECANXX:7:250541186
0.000005,0.000005,0.999981,0.000005,0.000005,F4,Colombian commercial rice,F4:C81ECANXX:7:250541194
0.235211,0.000005,0.764775,0.000005,0.000005,F50,Colombian commercial rice,F50:C81ECANXX:7:250541202
0.126431,0.000005,0.873554,0.000005,0.000005,F60,Colombian commercial rice,F60:C81ECANXX:7:250541210
0.648264,0.095362,0.000005,0.000005,0.256365,GSOR_301011,japonica,GSOR_301011:C08MWACXX:6:2
0.000005,0.000005,0.999981,0.000005,0.000005,GSOR_301069,indica,GSOR_301069:C08MWACXX:6:3
0.000005,0.000005,0.950009,0.000005,0.049977,GSOR_301070,indica,GSOR_301070:C08MWACXX:6:4
0.999981,0.000005,0.000005,0.000005,0.000005,GSOR_301095,japonica,GSOR_301095:C08MWACXX:6:5
0.081812,0.000005,0.182322,0.000005,0.735857,GSOR_301097,admixed cultivar,GSOR_301097:C08MWACXX:6:6
0.000005,0.000005,0.99998,0.000005,0.000005,GSOR_301123,indica,GSOR_301123:C08MWACXX:6:7
0.060643,0.453834,0.000005,0.000005,0.485513,GSOR_301144,aus,GSOR_301144:C08MWACXX:6:8
0.092152,0.000005,0.200185,0.000005,0.707653,GSOR_301169,admixed cultivar,GSOR_301169:C08MWACXX:6:9
0.000006,0.000006,0.999975,0.000006,0.000006,GSOR_301199,indica,GSOR_301199:C08MWACXX:6:10
0.101341,0.000006,0.000006,0.000006,0.898641,GSOR_301201,aus,GSOR_301201:C08MWACXX:6:11
0.000005,0.000005,0.000005,0.000005,0.999981,GSOR_301251,aus,GSOR_301251:C08MWACXX:6:12
0.070725,0.000005,0.000005,0.007836,0.921429,GSOR_301252,aus,GSOR_301252:C08MWACXX:6:13
0.002872,0.000005,0.97161,0.025508,0.000005,GSOR_301274,indica,GSOR_301274:C08MWACXX:6:14
0.000005,0.000005,0.942898,0.000005,0.057087,GSOR_301288,indica,GSOR_301288:C08MWACXX:6:15
0.000005,0.000005,0.985849,0.000005,0.014137,GSOR_301303,indica,GSOR_301303:C08MWACXX:6:16
0.000005,0.000005,0.000005,0.000005,0.999981,GSOR_301304,aus,GSOR_301304:C08MWACXX:6:1
0.000005,0.000005,0.830302,0.000005,0.169684,GSOR_301305,indica,GSOR_301305:C08MWACXX:6:17
0.000005,0.000005,0.000005,0.000005,0.999981,GSOR_301312,aus,GSOR_301312:C08MWACXX:6:18
0.083268,0.000005,0.000005,0.000005,0.916718,GSOR_301313,aus,GSOR_301313:C08MWACXX:6:19
0.000005,0.000005,0.99998,0.000005,0.000005,GSOR_301315,indica,GSOR_301315:C08MWACXX:6:20
0.000005,0.000005,0.000005,0.000005,0.99998,GSOR_301316,aus,GSOR_301316:C08MWACXX:6:21
0.000005,0.000005,0.000005,0.000005,0.99998,GSOR_301317,aus,GSOR_301317:C08MWACXX:6:22
0.000005,0.000005,0.000005,0.000005,0.99998,GSOR_301318,aus,GSOR_301318:C08MWACXX:6:23
0.000005,0.000005,0.000005,0.000005,0.99998,GSOR_301319,aus,GSOR_301319:C08MWACXX:6:24
0.000005,0.000005,0.000005,0.000005,0.999981,GSOR_301326,aus,GSOR_301326:C08MWACXX:6:25
0.999981,0.000005,0.000005,0.000005,0.000005,GSOR_301328,japonica,GSOR_301328:C08MWACXX:6:27
0.000005,0.001227,0.973965,0.000005,0.024797,GSOR_301329,indica,GSOR_301329:C08MWACXX:6:28
0.000005,0.000005,0.000005,0.000005,0.999978,GSOR_301331,aus,GSOR_301331:C08MWACXX:6:29
0.000008,0.000008,0.000008,0.000008,0.999967,GSOR_301335,aus,GSOR_301335:C08MWACXX:6:30
0.000006,0.000006,0.000006,0.000006,0.999978,GSOR_301336,aus,GSOR_301336:C08MWACXX:6:31
0.000005,0.000005,0.000005,0.000005,0.999979,GSOR_301341,aus,GSOR_301341:C08MWACXX:6:32
0.000005,0.000005,0.851483,0.013835,0.134672,GSOR_301342,indica,GSOR_301342:C08MWACXX:6:33
0.999979,0.000005,0.000005,0.000005,0.000005,GSOR_301343,japonica,GSOR_301343:C08MWACXX:6:34
0.000005,0.000005,0.951868,0.000005,0.048117,GSOR_301344,indica,GSOR_301344:C08MWACXX:6:35
0.089687,0.000005,0.133196,0.000005,0.777107,GSOR_301345,admixed cultivar,GSOR_301345:C08MWACXX:6:36
0.000005,0.000005,0.000005,0.000005,0.99998,GSOR_301356,aus,GSOR_301356:C08MWACXX:6:37
0.000007,0.000007,0.000007,0.000007,0.999971,GSOR_301357,aus,GSOR_301357:C08MWACXX:6:38
0.000005,0.000005,0.000005,0.999979,0.000005,GSOR_301359,admixed cultivar,GSOR_301359:C08MWACXX:6:39
0.151911,0.000005,0.000005,0.000005,0.848075,GSOR_301363,aus,GSOR_301363:C08MWACXX:6:40
0.000005,0.000005,0.882051,0.000005,0.117934,GSOR_301382,indica,GSOR_301382:C08MWACXX:6:41
0.578543,0.10545,0.000005,0.000005,0.315997,GSOR_301390,japonica,GSOR_301390:C08MWACXX:6:42
0.000006,0.000006,0.989215,0.000006,0.010767,GSOR_312012,indica,GSOR_312012:C08MWACXX:6:43
0.000005,0.004116,0.738802,0.000005,0.257072,GSOR_312016,admixed cultivar,GSOR_312016:C08MWACXX:6:44
0.000005,0.000005,0.000005,0.000005,0.999979,GSOR_312017,aus,GSOR_312017:C08MWACXX:6:45
0.000009,0.191699,0.808274,0.000009,0.000009,IRGC_100915,South Asian weedy rice,IRGC_100915:C08MWACXX:6:78
0.00001,0.030035,0.709813,0.00001,0.260131,IRGC_100923,Wild rice,IRGC_100923:C08MWACXX:6:64
0.095942,0.000006,0.132366,0.000006,0.771681,IRGC_109364,admixed cultivar,IRGC_109364:C08MWACXX:6:66
0.035501,0.000005,0.158265,0.000005,0.806224,IRGC_110311,admixed cultivar,IRGC_110311:C08MWACXX:6:26
0.639231,0.088634,0.04318,0.000006,0.22895,IRGC_16163,japonica,IRGC_16163:C08MWACXX:6:46
0.623645,0.09925,0.000009,0.000009,0.277088,IRGC_61895,japonica,IRGC_61895:C08MWACXX:6:47
0.000005,0.000005,0.815555,0.000005,0.184431,IRGC_61899,indica,IRGC_61899:C08MWACXX:6:48
0.000005,0.000005,0.99998,0.000005,0.000005,IRGC_61902,indica,IRGC_61902:C08MWACXX:6:49
0.612807,0.102774,0.054794,0.000006,0.22962,IRGC_61923,japonica,IRGC_61923:C08MWACXX:6:50
0.000006,0.271835,0.314797,0.000006,0.413355,IRGC_80737,Wild rice,IRGC_80737:C08MWACXX:6:51
0.12847,0.313996,0.079805,0.45252,0.02521,IRGC_80759,Wild rice,IRGC_80759:C08MWACXX:6:52
0.128645,0.305865,0.066161,0.467456,0.031872,IRGC_81941,Wild rice,IRGC_81941:C08MWACXX:6:53
0.000005,0.000005,0.893323,0.000005,0.106661,IRGC_83301,indica,IRGC_83301:C08MWACXX:6:54
0.092043,0.000005,0.183049,0.000005,0.724898,IRGC_83344,admixed cultivar,IRGC_83344:C08MWACXX:6:55
0.119647,0.880338,0.000005,0.000005,0.000005,IRGC_93214,Wild rice,IRGC_93214:C08MWACXX:6:56
0.22455,0.695879,0.000005,0.000005,0.079561,IRGC_93215,Wild rice,IRGC_93215:C08MWACXX:6:57
0.164704,0.267656,0.000005,0.000005,0.56763,IRGC_93217,Wild rice,IRGC_93217:C08MWACXX:6:58
0.316264,0.590269,0.000005,0.000005,0.093457,IRGC_93219,Wild rice,IRGC_93219:C08MWACXX:6:59
0.043804,0.8399,0.097908,0.000005,0.018383,IRGC_93285,Wild rice,IRGC_93285:C08MWACXX:6:61
0.000005,0.596853,0.265903,0.000005,0.137234,IRGC_99545,Wild rice,IRGC_99545:C08MWACXX:6:62
0.038445,0.074585,0.886959,0.000005,0.000005,IRRI_100200,South Asian weedy rice,IRRI_100200:C08MWACXX:7:101
0.000005,0.246864,0.753121,0.000005,0.000005,IRRI_103790,South Asian weedy rice,IRRI_103790:C08MWACXX:7:102
0.000005,0.000296,0.530402,0.469292,0.000005,IRRI_103791,South Asian weedy rice,IRRI_103791:C08MWACXX:7:103
0.000005,0.000005,0.000005,0.000005,0.99998,IRRI_103826,South Asian weedy rice,IRRI_103826:C08MWACXX:7:104
0.000005,0.000005,0.049551,0.000005,0.950434,IRRI_103829,South Asian weedy rice,IRRI_103829:C08MWACXX:7:105
0.000005,0.000005,0.721636,0.000005,0.278348,IRRI_103832,South Asian weedy rice,IRRI_103832:C08MWACXX:7:106
0.000006,0.000006,0.467056,0.000006,0.532925,IRRI_103833,South Asian weedy rice,IRRI_103833:C08MWACXX:7:107
0.000005,0.000005,0.000005,0.000005,0.99998,IRRI_103834,South Asian weedy rice,IRRI_103834:C08MWACXX:7:108
0.034667,0.117561,0.000005,0.000005,0.847762,IRRI_103842,South Asian weedy rice,IRRI_103842:C08MWACXX:7:109
0.000005,0.000005,0.000005,0.999979,0.000005,IRRI_105311,South Asian weedy rice,IRRI_105311:C08MWACXX:7:110
0.000005,0.081904,0.423211,0.238878,0.256002,IRRI_105330,South Asian weedy rice,IRRI_105330:C08MWACXX:7:111
0.000005,0.000005,0.000005,0.99998,0.000005,IRRI_105337,South Asian weedy rice,IRRI_105337:C08MWACXX:7:112
0.000005,0.000005,0.000005,0.99998,0.000005,IRRI_105341,South Asian weedy rice,IRRI_105341:C08MWACXX:7:113
0.000005,0.000005,0.000005,0.99998,0.000005,IRRI_105343,South Asian weedy rice,IRRI_105343:C08MWACXX:7:114
0.000005,0.000005,0.105474,0.894511,0.000005,IRRI_105351,South Asian weedy rice,IRRI_105351:C08MWACXX:7:115
0.000005,0.019959,0.000005,0.000005,0.980026,IRRI_105869,South Asian weedy rice,IRRI_105869:C08MWACXX:7:116
0.247986,0.278062,0.370817,0.000005,0.10313,IRRI_105874,South Asian weedy rice,IRRI_105874:C08MWACXX:7:117
0.000005,0.032227,0.780924,0.000005,0.18684,IRRI_105877,South Asian weedy rice,IRRI_105877:C08MWACXX:7:118
0.000005,0.03819,0.586125,0.000005,0.375675,IRRI_105880,South Asian weedy rice,IRRI_105880:C08MWACXX:7:119
0.000005,0.000005,0.000005,0.000005,0.99998,IRRI_105892,South Asian weedy rice,IRRI_105892:C08MWACXX:7:120
0.000005,0.037792,0.000005,0.000005,0.962193,IRRI_105907,South Asian weedy rice,IRRI_105907:C08MWACXX:7:121
0.000005,0.604462,0.395523,0.000005,0.000005,IRRI_106030,South Asian weedy rice,IRRI_106030:C08MWACXX:7:122
0.000005,0.012584,0.000005,0.000005,0.987401,IRRI_106032,South Asian weedy rice,IRRI_106032:C08MWACXX:7:123
0.000006,0.560933,0.43905,0.000006,0.000006,IRRI_106043,South Asian weedy rice,IRRI_106043:C08MWACXX:7:124
0.000006,0.000006,0.000006,0.000006,0.999978,IRRI_106076,South Asian weedy rice,IRRI_106076:C08MWACXX:7:125
0.000008,0.000008,0.000008,0.000008,0.999968,IRRI_106120,South Asian weedy rice,IRRI_106120:C08MWACXX:7:126
0.000005,0.000005,0.000005,0.000005,0.999978,IRRI_106137,South Asian weedy rice,IRRI_106137:C08MWACXX:7:127
0.331029,0.513406,0.155555,0.000005,0.000005,IRRI_106228,South Asian weedy rice,IRRI_106228:C08MWACXX:7:128
0.000005,0.115501,0.669911,0.000005,0.214577,IRRI_106401,South Asian weedy rice,IRRI_106401:C08MWACXX:7:129
0.959571,0.000005,0.000005,0.000005,0.040414,IRRI_32399,japonica,IRRI_32399:C08MWACXX:6:68
0.748562,0.181541,0.000005,0.000005,0.069886,IRRI_33888,japonica,IRRI_33888:C08MWACXX:7:130
0.000005,0.000005,0.843796,0.000005,0.15619,IRRI_45011,indica,IRRI_45011:C08MWACXX:7:131
0.99998,0.000005,0.000005,0.000005,0.000005,IRRI_58286,japonica,IRRI_58286:C08MWACXX:7:132
0.000006,0.000006,0.892834,0.000006,0.107148,IRRI_6663,indica,IRRI_6663:C08MWACXX:6:67
0.000005,0.000005,0.99998,0.000005,0.000005,IRRI_74723,South Asian weedy rice,IRRI_74723:C08MWACXX:6:69
0.000006,0.000006,0.000006,0.000006,0.999975,IRRI_80539,South Asian weedy rice,IRRI_80539:C08MWACXX:6:70
0.000006,0.098877,0.000006,0.000006,0.901106,IRRI_80568,South Asian weedy rice,IRRI_80568:C08MWACXX:6:71
0.000005,0.000005,0.000005,0.000005,0.99998,IRRI_80591,South Asian weedy rice,IRRI_80591:C08MWACXX:6:72
0.000005,0.000005,0.000005,0.000005,0.999981,IRRI_80614,South Asian weedy rice,IRRI_80614:C08MWACXX:6:73
0.000006,0.044754,0.000006,0.017764,0.93747,IRRI_80626,South Asian weedy rice,IRRI_80626:C08MWACXX:6:74
0.000007,0.228161,0.266938,0.000007,0.504887,IRRI_80723,South Asian weedy rice,IRRI_80723:C08MWACXX:6:75
0.000007,0.399503,0.600477,0.000007,0.000007,IRRI_80741,South Asian weedy rice,IRRI_80741:C08MWACXX:6:76
0.000005,0.000005,0.000005,0.000005,0.999979,IRRI_81902,South Asian weedy rice,IRRI_81902:C08MWACXX:6:77
0.000005,0.000005,0.000005,0.999979,0.000005,IRRI_81908,South Asian weedy rice,IRRI_81908:C08MWACXX:6:79
0.000005,0.000005,0.000005,0.99998,0.000005,IRRI_81910,South Asian weedy rice,IRRI_81910:C08MWACXX:6:80
0.000015,0.000015,0.000015,0.000015,0.999941,IRRI_81914,South Asian weedy rice,IRRI_81914:C08MWACXX:6:81
0.000005,0.000005,0.000005,0.999979,0.000005,IRRI_81924,South Asian weedy rice,IRRI_81924:C08MWACXX:6:82
0.000005,0.000005,0.000005,0.99998,0.000005,IRRI_81929,South Asian weedy rice,IRRI_81929:C08MWACXX:6:83
0.000005,0.078991,0.000005,0.039622,0.881377,IRRI_82008,South Asian weedy rice,IRRI_82008:C08MWACXX:6:84
0.999981,0.000005,0.000005,0.000005,0.000005,IRRI_83256,South Asian weedy rice,IRRI_83256:C08MWACXX:6:85
0.438736,0.332339,0.000005,0.060471,0.168448,IRRI_86477,South Asian weedy rice,IRRI_86477:C08MWACXX:6:86
0.000005,0.000005,0.000005,0.000005,0.99998,IRRI_86478,South Asian weedy rice,IRRI_86478:C08MWACXX:6:87
0.000007,0.024565,0.000007,0.000007,0.975412,IRRI_93178,South Asian weedy rice,IRRI_93178:C08MWACXX:6:88
0.000005,0.034642,0.000005,0.000005,0.965343,IRRI_93179,South Asian weedy rice,IRRI_93179:C08MWACXX:6:89
0.000005,0.000005,0.000005,0.999979,0.000005,IRRI_93189,South Asian weedy rice,IRRI_93189:C08MWACXX:6:90
0.000005,0.000005,0.000005,0.000005,0.99998,IRRI_93293,South Asian weedy rice,IRRI_93293:C08MWACXX:6:92
0.000005,0.000005,0.000005,0.000005,0.999979,IRRI_93297,South Asian weedy rice,IRRI_93297:C08MWACXX:6:93
0.000006,0.000006,0.000006,0.000006,0.999978,IRRI_93302,South Asian weedy rice,IRRI_93302:C08MWACXX:6:94
0.021702,0.000006,0.000006,0.000006,0.97828,IRRI_93303,South Asian weedy rice,IRRI_93303:C08MWACXX:6:95
0.000005,0.000005,0.000005,0.000005,0.999981,IRRI_93305,South Asian weedy rice,IRRI_93305:C08MWACXX:7:97
0.000005,0.000005,0.000005,0.000005,0.999981,IRRI_93307,South Asian weedy rice,IRRI_93307:C08MWACXX:7:98
0.000005,0.000005,0.000005,0.000005,0.999981,IRRI_93313,South Asian weedy rice,IRRI_93313:C08MWACXX:7:99
0.000005,0.000005,0.878971,0.000005,0.121014,IRRI_93320,South Asian weedy rice,IRRI_93320:C08MWACXX:7:100
0.000005,0.000005,0.99998,0.000005,0.000005,KS02,SE Asian weedy rice,KS02:C1B2JACXX:6:250121601
0.000005,0.001789,0.998196,0.000005,0.000005,KS05,SE Asian weedy rice,KS05:C1B2JACXX:6:250121602
0.000006,0.000006,0.999977,0.000006,0.000006,MG04,SE Asian weedy rice,MG04:D1FW5ACXX:3:250121615
0.000005,0.000005,0.993615,0.000005,0.006369,MG06,SE Asian weedy rice,MG06:C1B2JACXX:6:250121616
0.000006,0.000006,0.999976,0.000006,0.000006,MG20,SE Asian weedy rice,MG20:D1FW5ACXX:3:250121621
0.000006,0.000006,0.999977,0.000006,0.000006,MK09,SE Asian weedy rice,MK09:C1B2JACXX:6:250121609
0.000006,0.000006,0.999975,0.000006,0.000006,MK10,SE Asian weedy rice,MK10:D1FW5ACXX:3:250121610
0.000005,0.000005,0.999978,0.000005,0.000005,MS15,SE Asian weedy rice,MS15:D1FW5ACXX:3:250121611
0.000006,0.000006,0.999978,0.000006,0.000006,MS18,SE Asian weedy rice,MS18:D1FW5ACXX:3:250121612
0.000005,0.000005,0.999981,0.000005,0.000005,MUSC001,SE Asian weedy rice,MUSC001:C08JYACXX:7:254
0.000005,0.038764,0.96122,0.000005,0.000005,MUSC007,SE Asian weedy rice,MUSC007:C08JYACXX:7:266
0.000005,0.126394,0.873591,0.000005,0.000005,MUSC012,SE Asian weedy rice,MUSC012:C08JYACXX:7:278
0.000005,0.000005,0.999981,0.000005,0.000005,MUSC017,SE Asian weedy rice,MUSC017:C08JYACXX:7:195
0.000005,0.060286,0.939699,0.000005,0.000005,MUSC023,SE Asian weedy rice,MUSC023:C08JYACXX:7:207
0.000005,0.09445,0.905535,0.000005,0.000005,MUSC026,SE Asian weedy rice,MUSC026:C08JYACXX:7:219
0.000005,0.000005,0.999978,0.000005,0.000005,MUSC032,SE Asian weedy rice,MUSC032:C08JYACXX:7:231
0.000006,0.000006,0.999977,0.000006,0.000006,MUSC038,SE Asian weedy rice,MUSC038:C08JYACXX:7:243
0.000005,0.000005,0.999979,0.000005,0.000005,MUSC043,SE Asian weedy rice,MUSC043:C08JYACXX:7:255
0.000005,0.000005,0.999978,0.000005,0.000005,MUSC052,SE Asian weedy rice,MUSC052:C08JYACXX:7:267
0.000005,0.000005,0.999981,0.000005,0.000005,MUSC055,SE Asian weedy rice,MUSC055:C08JYACXX:7:279
0.000005,0.041624,0.958362,0.000005,0.000005,MUSC060,SE Asian weedy rice,MUSC060:C08JYACXX:7:196
0.000005,0.000005,0.999981,0.000005,0.000005,MUSC062,SE Asian weedy rice,MUSC062:C08JYACXX:7:208
0.000005,0.000005,0.999979,0.000005,0.000005,MUSC065,SE Asian weedy rice,MUSC065:C08JYACXX:7:220
0.000005,0.000005,0.999981,0.000005,0.000005,MUSC067,SE Asian weedy rice,MUSC067:C08JYACXX:7:232
0.000005,0.000005,0.99998,0.000005,0.000005,MUSC069,SE Asian weedy rice,MUSC069:C08JYACXX:7:244
0.000006,0.052909,0.947074,0.000006,0.000006,MUSC072,SE Asian weedy rice,MUSC072:C08JYACXX:7:256
0.000006,0.000006,0.999977,0.000006,0.000006,MUSC079,SE Asian weedy rice,MUSC079:C08JYACXX:7:268
0.000005,0.000005,0.793181,0.000005,0.206805,MUSC081,SE Asian weedy rice,MUSC081:C08JYACXX:7:280
0.000005,0.019523,0.980463,0.000005,0.000005,MUSC086,SE Asian weedy rice,MUSC086:C08JYACXX:7:197
0.000005,0.000005,0.999981,0.000005,0.000005,MUSC098,SE Asian weedy rice,MUSC098:C08JYACXX:7:209
0.000005,0.000005,0.999979,0.000005,0.000005,MUSC100,SE Asian weedy rice,MUSC100:C08JYACXX:7:221
0.000005,0.000005,0.999979,0.000005,0.000005,MUSC103,SE Asian weedy rice,MUSC103:C08JYACXX:7:233
0.000005,0.000005,0.999981,0.000005,0.000005,MUSC106,SE Asian weedy rice,MUSC106:C08JYACXX:7:245
0.000005,0.000005,0.999979,0.000005,0.000005,MUSC114,SE Asian weedy rice,MUSC114:C08JYACXX:7:269
0.000005,0.000005,0.99998,0.000005,0.000005,MUSC117,SE Asian weedy rice,MUSC117:C08JYACXX:7:281
0.000005,0.000005,0.999981,0.000005,0.000005,MUSC119,SE Asian weedy rice,MUSC119:C08JYACXX:7:198
0.000005,0.025689,0.974297,0.000005,0.000005,MUSC122,SE Asian weedy rice,MUSC122:C08JYACXX:7:210
0.000007,0.058643,0.941337,0.000007,0.000007,MUSC128,SE Asian weedy rice,MUSC128:C08JYACXX:7:222
0.000005,0.000005,0.999981,0.000005,0.000005,MUSC132,SE Asian weedy rice,MUSC132:C08JYACXX:7:234
0.000005,0.000005,0.999979,0.000005,0.000005,MUSC134,SE Asian weedy rice,MUSC134:C08JYACXX:7:246
0.000005,0.120384,0.8796,0.000005,0.000005,MUSC136,SE Asian weedy rice,MUSC136:C08JYACXX:7:258
0.000007,0.045196,0.954784,0.000007,0.000007,MUSC138,SE Asian weedy rice,MUSC138:C08JYACXX:7:270
0.000005,0.057554,0.942431,0.000005,0.000005,MUSC141,SE Asian weedy rice,MUSC141:C08JYACXX:7:282
0.000005,0.000005,0.999981,0.000005,0.000005,MUSC142,SE Asian weedy rice,MUSC142:C08JYACXX:7:199
0.000005,0.000005,0.99998,0.000005,0.000005,MUSC143,SE Asian weedy rice,MUSC143:C08JYACXX:7:211
0.000006,0.147536,0.852447,0.000006,0.000006,MUSC145,SE Asian weedy rice,MUSC145:C08JYACXX:7:223
0.000006,0.000006,0.999977,0.000006,0.000006,MUSC146,SE Asian weedy rice,MUSC146:C08JYACXX:7:235
0.000005,0.000005,0.999978,0.000005,0.000005,MUSC150,SE Asian weedy rice,MUSC150:C08JYACXX:7:247
0.000006,0.000006,0.999977,0.000006,0.000006,MUSC154,SE Asian weedy rice,MUSC154:C08JYACXX:7:259
0.000006,0.000006,0.999976,0.000006,0.000006,MUSC161,SE Asian weedy rice,MUSC161:C08JYACXX:7:271
0.000005,0.000005,0.829602,0.000005,0.170383,MUSC171,SE Asian weedy rice,MUSC171:C08JYACXX:7:283
0.000005,0.000005,0.99998,0.000005,0.000005,MUSC177,SE Asian weedy rice,MUSC177:C08JYACXX:7:200
0.000005,0.000005,0.826477,0.000005,0.173508,MUSC178,SE Asian weedy rice,MUSC178:C08JYACXX:7:212
0.000005,0.076912,0.923073,0.000005,0.000005,MUSC187,SE Asian weedy rice,MUSC187:C08JYACXX:7:224
0.000005,0.000005,0.998665,0.00132,0.000005,MUSC188,SE Asian weedy rice,MUSC188:C08JYACXX:7:236
0.000005,0.99998,0.000005,0.000005,0.000005,MUSC200,Wild rice,MUSC200:C08JYACXX:7:248
0.000005,0.000005,0.000005,0.000005,0.99998,MUSC201,Wild rice,MUSC201:C08JYACXX:7:260
0.000005,0.514622,0.485363,0.000005,0.000005,MUSC202,Wild rice,MUSC202:C08JYACXX:7:272
0.000005,0.417597,0.582388,0.000005,0.000005,MUSC203,Wild rice,MUSC203:C08JYACXX:7:284
0.000005,0.540844,0.459141,0.000005,0.000005,MUSC207,Wild rice,MUSC207:C08JYACXX:7:201
0.000005,0.49653,0.503455,0.000005,0.000005,MUSC208,Wild rice,MUSC208:C08JYACXX:7:213
0.000005,0.927237,0.072748,0.000005,0.000005,MUSC209,Wild rice,MUSC209:C08JYACXX:7:225
0.000005,0.000005,0.99998,0.000005,0.000005,MUSC218,indica,MUSC218:C08JYACXX:7:202
0.000005,0.000005,0.999981,0.000005,0.000005,MUSC219,indica,MUSC219:C08JYACXX:7:214
0.000005,0.000005,0.99998,0.000005,0.000005,MUSC220,indica,MUSC220:C08JYACXX:7:226
0.000005,0.000005,0.999979,0.000005,0.000005,MUSC221,indica,MUSC221:C08JYACXX:7:238
0.000005,0.000005,0.999981,0.000005,0.000005,MUSC225,SE Asian weedy rice,MUSC225:C08JYACXX:7:250
0.000005,0.000005,0.999979,0.000005,0.000005,MUSC232,SE Asian weedy rice,MUSC232:C08JYACXX:7:262
0.000005,0.000005,0.350069,0.017874,0.632048,MUSC234,SE Asian weedy rice,MUSC234:C08JYACXX:7:274
0.000005,0.000005,0.790918,0.000005,0.209067,MUSC235,SE Asian weedy rice,MUSC235:C08JYACXX:7:286
0.000005,0.000005,0.999978,0.000005,0.000005,MUSC237,SE Asian weedy rice,MUSC237:C08JYACXX:7:203
0.000006,0.000006,0.999977,0.000006,0.000006,NT01,SE Asian weedy rice,NT01:D1FW5ACXX:3:250121613
0.000007,0.000007,0.999971,0.000007,0.000007,NT05,SE Asian weedy rice,NT05:D1FW5ACXX:3:250121614
0.035469,0.000005,0.964517,0.000005,0.000005,O1,Colombian commercial rice,O1:C81ECANXX:7:250541218
0.000007,0.000007,0.999973,0.000007,0.000007,RR01,US weedy rice-SH,RR01:C1B2JACXX:6:250121568
0.053779,0.000005,0.05752,0.000005,0.888691,RR02,US weedy rice-BHA,RR02:C1B2JACXX:6:250121569
0.050444,0.000005,0.043893,0.000005,0.905653,RR03,US weedy rice-BHA,RR03:C1B2JACXX:6:250121570
0.000005,0.000005,0.987896,0.000005,0.012089,RR04,US weedy rice-SH,RR04:C1B2JACXX:6:250121571
0.046171,0.000005,0.026826,0.000005,0.926994,RR05,US weedy rice-BHA,RR05:C1B2JACXX:6:250121572
0.000005,0.000005,0.000005,0.000005,0.99998,RR13,US weedy rice-BHA,RR13:C1B2JACXX:6:250121573
0.000005,0.000005,0.999981,0.000005,0.000005,RR15,US weedy rice-SH,RR15:D1FW5ACXX:3:250121574
0.044743,0.000005,0.025939,0.000005,0.929308,RR16,US weedy rice-BHA,RR16:D1FW5ACXX:3:250121575
0.000005,0.000005,0.203002,0.000005,0.796983,RR21,US weedy rice-BHA,RR21:C1B2JACXX:6:250121576
0.000005,0.000005,0.170565,0.000005,0.82942,RR24,US weedy rice-BHA,RR24:D1FW5ACXX:3:250121577
0.000005,0.000005,0.000005,0.000005,0.999978,RR25,US weedy rice-BHA,RR25:C1B2JACXX:6:250121578
0.089327,0.000005,0.162699,0.000005,0.747964,RR29,US weedy rice-BHA,RR29:C1B2JACXX:6:250121579
0.000005,0.000005,0.99998,0.000005,0.000005,RR42,US weedy rice-SH,RR42:C1B2JACXX:6:250121580
0.000005,0.000005,0.191841,0.000005,0.808144,RR44,US weedy rice-BHA,RR44:C1B2JACXX:6:250121581
0.000005,0.000005,0.99998,0.000005,0.000005,RR51,US weedy rice-SH,RR51:D1FW5ACXX:3:250121582
0.99998,0.000005,0.000005,0.000005,0.000005,SUS02,japonica,SUS02:C1B2JACXX:6:250121559
0.999711,0.000008,0.000008,0.000008,0.000266,SUS03,japonica,SUS03:C1B2JACXX:6:250121560
0.999977,0.000006,0.000006,0.000006,0.000006,SUS04,japonica,SUS04:C1B2JACXX:6:250121561
0.99998,0.000005,0.000005,0.000005,0.000005,SUS05,japonica,SUS05:C1B2JACXX:6:250121562
0.99997,0.000007,0.000007,0.000007,0.000007,SUS06,japonica,SUS06:C1B2JACXX:6:250121563
0.999981,0.000005,0.000005,0.000005,0.000005,SUS08,japonica,SUS08:C1B2JACXX:6:250121564
0.999981,0.000005,0.000005,0.000005,0.000005,SUS09,japonica,SUS09:C1B2JACXX:6:250121565
0.999978,0.000005,0.000005,0.000005,0.000005,SUS11,japonica,SUS11:D1FW5ACXX:3:250121566
0.999978,0.000006,0.000006,0.000006,0.000006,SUS12,japonica,SUS12:C1B2JACXX:6:250121567
0.000005,0.000005,0.999979,0.000005,0.000005,TA06,SE Asian weedy rice,TA06:C1B2JACXX:6:250121607
0.000005,0.072196,0.927788,0.000005,0.000005,TA10,SE Asian weedy rice,TA10:D1FW5ACXX:3:250121608
0.000005,0.091026,0.90896,0.000005,0.000005,TA22,SE Asian weedy rice,TA22:C1B2JACXX:6:250121620
0.000006,0.000006,0.999977,0.000006,0.000006,TS09,SE Asian weedy rice,TS09:D1FW5ACXX:3:250121603
0.000005,0.000005,0.999978,0.000005,0.000005,TS15,SE Asian weedy rice,TS15:C1B2JACXX:6:250121604
0.000005,0.000005,0.999978,0.000005,0.000005,TW05,SE Asian weedy rice,TW05:C1B2JACXX:6:250121619
0.000005,0.000005,0.999979,0.000005,0.000005,TW13,SE Asian weedy rice,TW13:C1B2JACXX:6:250121605
0.000006,0.027284,0.9727,0.000006,0.000006,TW16,SE Asian weedy rice,TW16:C1B2JACXX:6:250121606
0.000005,0.000005,0.000005,0.000005,0.999979,rr20,US weedy rice-BHA,rr20:C08MWACXX:7:133
0.000008,0.000008,0.99997,0.000008,0.000008,rr9,US weedy rice-SH,rr9:C08MWACXX:7:134
0.713531,0.143516,0.000005,0.000005,0.142943,sar01,japonica,sar01:C08MWACXX:7:135
0.748409,0.075487,0.000005,0.000005,0.176094,sar02,japonica,sar02:C08MWACXX:7:136
0.662049,0.121342,0.000005,0.000005,0.216599,sar03,japonica,sar03:C08MWACXX:7:137
0.000005,0.000005,0.000005,0.000005,0.999981,sau01,aus,sau01:C08MWACXX:7:138
0.000006,0.000005,0.000006,0.000005,0.999978,sau02,aus,sau02:C08MWACXX:7:139
0.000005,0.000005,0.000005,0.000005,0.99998,sau03,aus,sau03:C08MWACXX:7:140
0.000005,0.000005,0.000005,0.000005,0.999979,sau04,aus,sau04:C08MWACXX:7:141
0.000005,0.000005,0.000005,0.000005,0.999978,sau07,aus,sau07:C08MWACXX:7:142
0.000009,0.000009,0.999965,0.000009,0.000009,sin02,indica,sin02:C08MWACXX:7:143
0.000005,0.000005,0.870172,0.000005,0.129813,sin03,indica,sin03:C08MWACXX:7:144
0.000005,0.000005,0.901492,0.000005,0.098493,sin04,indica,sin04:C08MWACXX:7:145
0.000006,0.000006,0.999978,0.000006,0.000006,sin9,indica,sin9:C08MWACXX:7:146
0.999977,0.000006,0.000006,0.000006,0.000006,str04,japonica,str04:C08MWACXX:7:147
0.99998,0.000005,0.000005,0.000005,0.000005,str10,japonica,str10:C08MWACXX:7:148